insert into exercises
values (1, 'ГАНТЕЛІ', 'ГРУДИ', 'Тяга гантелі до поясу'),
       (2, 'ГАНТЕЛІ', 'ПЛЕЧІ', 'Закидання гантель за голову'),
       (3, 'ГАНТЕЛІ', 'СПИНА', 'Станова тяга гантелями'),
       (4, 'ШТАНГА', 'СПИНА', 'Підняття штанги вгору'),
       (5, 'ШТАНГА', 'ПЛЕЧІ', 'Веслування'),
       (6, 'ГАНТЕЛІ', 'ПЛЕЧІ', 'Плечі вгору вниз'),
       (7, 'ШТАНГА', 'РУКИ', 'Жим штанги на лаві'),
       (8, 'ГАНТЕЛІ', 'ПЛЕЧІ', 'Молотковий підйом'),
       (9, 'ШТАНГА', 'НОГИ', 'Трикутник'),
       (10, 'ГАНТЕЛІ', 'РУКИ', 'Випади з гантелями'),
       (11, 'ШТАНГА', 'НОГИ', 'Фронтальне присідання зі штангою'),
       (12, 'ГУМА', 'НОГИ', 'Стрибки на скакалці'),
       (13, 'ГУМА', 'НОГИ', 'Підйом ніг з резинками'),
       (14, 'ГУМА', 'СПИНА', 'Перекидання гумового дроту через спину'),
       (15, 'ГУМА', 'РУКИ', 'Стискання еспандеру'),
       (16, 'ГАНТЕЛІ', 'СПИНА', 'Прес з гантелями'),
       (17, 'ГАНТЕЛІ', 'ГРУДИ', 'Французький жим з гантелями'),
       (18, 'ГАНТЕЛІ', 'ПЛЕЧІ', 'Перекидні вправи з гантелями для плечей'),
       (19, 'ГУМА', 'ПЛЕЧІ', 'Розведення рук з гумовою стрічкою'),
       (20, 'ГУМА', 'ПЛЕЧІ', 'Головне зрушення'),
       (21, 'ГАНТЕЛІ', 'ПЛЕЧІ', 'Жим гантелей лежачи на лаві'),
       (22, 'ГУМА', 'РУКИ', 'Біцепсові кільця'),
       (23, 'ШТАНГА', 'РУКИ', 'Мертва тяга'),
       (24, 'ГАНТЕЛІ', 'РУКИ', 'Мертва тяга зі зворотним хватом'),
       (25, 'ГАНТЕЛІ', 'ГРУДИ', 'Розведення гантелей лежачи або стоячи'),
       (26, 'НІЧОГО', 'ГРУДИ', 'Відтискання'),
       (27, 'НІЧОГО', 'РУКИ', 'Підтягування'),
       (28, 'НІЧОГО', 'НОГИ', 'Присідання'),
       (29, 'НІЧОГО', 'ГРУДИ', 'Присідання зі зведеними руками'),
       (30, 'НІЧОГО', 'НОГИ', 'Біг'),
       (31, 'НІЧОГО', 'СПИНА', 'Повороти на турніку'),
       (32, 'НІЧОГО', 'СПИНА', 'Прес на перекладині');

insert into plans
values (1, 'Маса', 4, 150.00, 450.00),
       (2, 'Маса', 8, 150.00, 800.00),
       (3, 'Маса', 12, 150.00, 1200.00),
       (4, 'Схуднення', 4, 150.00, 430.00),
       (5, 'Схуднення', 8, 150.00, 780.00),
       (6, 'Схуднення', 12, 150.00, 1140.00),
       (7, 'Сила', 4, 150.00, 500.00),
       (8, 'Сила', 8, 150.00, 900.00),
       (9, 'Сила', 12, 150.00, 1350.00);

INSERT INTO roles VALUES (1, 'ROLE_USER'), (2, 'ROLE_ADMIN');

insert into users(id, email, enabled,first_name, last_name, password, subscribed, username)
values (1,'admin@gmail.com',1, 'Admin','Admin','$2a$10$lmwTYkM8WOfb02wY.wLBXeRVkFCtbyEopVGU.nOasKtGc5sC5nKlG',null,'Admin'),
       (2,'groomy14@gmail.com',1,'Georg','Gorny','$2a$10$OpIqZEOW2QSlm1KByYrGHO1c8gBrD.m3JxpHGDEImr59GVD9JidKa',null,'Gniego'),
       (3,'s.jasinski@outlook.com',1,'Stinger','Hoston','$2a$10$OpIqZEOW2QSlm1KByYrGHO1c8gBrD.m3JxpHGDEImr59GVD9JidKa','yes','Jasson'),
       (4,'kamil.boston@in.com',1,'Kamil','Boston','$2a$10$OpIqZEOW2QSlm1KByYrGHO1c8gBrD.m3JxpHGDEImr59GVD9JidKa','yes','Kambon'),
       (5,'marco_schumann@gmail.com',1,'Marco','Schumann','$2a$10$OpIqZEOW2QSlm1KByYrGHO1c8gBrD.m3JxpHGDEImr59GVD9JidKa',null,'Marko'),
       (6,'starsky@net.com',1,'Adam','Husein','$2a$10$OpIqZEOW2QSlm1KByYrGHO1c8gBrD.m3JxpHGDEImr59GVD9JidKa','yes','Ausein'),
       (7,'andrea.batis@net.com',1,'Andrea','Batis','Andrea333',null,'Andrea'),
       (8,'bartoz@gmail.com',1,'Bartoz','Lincoln','$2a$10$QmXsopwvLKx0shHMqKjxeO6pe6F6hsbYVF3O/c9vAut7m5UXIWHgC',null,'LinColn');

insert into trainers
values (1, 'rom.kus@gmail.com', 'Роман Кушніренко'),
       (2, 'anastasia.sh@gmail.com', 'Анастасія Щербініна'),
       (3, 'ma.do@gmail.com', 'Максим Довбуш'),
       (4, 'kate.glu@gmail.com', 'Катерина Глушко'),
       (5, 'prudim@gmail.com', 'Дмитро Прудченко'),
       (6, 'matviyenko@gmail.com', 'Андрій Матвієнко');

insert into schedule
values (1, 'Понеділок', '16:00', 'GAMES', 'Андрій Матвієнко', 6),
       (2, 'Понеділок', '17:00', 'POWER', 'Дмитро Прудченко', 5),
       (3, 'Понеділок', '18:00', 'TRX', 'Дмитро Прудченко', 5),
       (4, 'Понеділок', '19:00', 'ANIMAL FLOW', 'Максим Довбуш', 3),
       (5, 'Понеділок', '20:00', 'BOXING', 'Катерина Глушко', 4),

       (6, 'Вівторок', '16:00', 'RECOVERY', 'Дмитро Прудченко', 5),
       (7, 'Вівторок', '17:00', 'HATHA YOGA', 'Дмитро Прудченко', 5),
       (8, 'Вівторок', '18:00', 'IRON POWER', 'Катерина Глушко', 4),
       (9, 'Вівторок', '19:00', 'ANIMAL FLOW', 'Максим Довбуш', 3),
       (10, 'Вівторок', '20:00', 'CARDIO BARRE', 'Анастасія Щербініна', 2),

       (11, 'Середа', '16:00', 'BARRE', 'Андрій Матвієнко', 6),
       (12, 'Середа', '17:00', 'POWER', 'Андрій Матвієнко', 6),
       (13, 'Середа', '18:00', 'DANCE MIX', 'Андрій Матвієнко', 6),
       (14, 'Середа', '19:00', 'BOXING', 'Катерина Глушко', 4),
       (15, 'Середа', '20:00', 'CARDIO', 'Роман Кушніренко', 1),

       (16, 'Четвер', '16:00', 'FIGHTER TRAINING', 'Максим Довбуш', 3),
       (17, 'Четвер', '17:00', 'ANIMAL FLOW', 'Максим Довбуш', 3),
       (18, 'Четвер', '18:00', 'IRON POWER', 'Анастасія Щербініна', 2),
       (19, 'Четвер', '19:00', 'STRETCHING', 'Роман Кушніренко', 1),
       (20, 'Четвер', '20:00', 'BARRE', 'Роман Кушніренко', 1),

       (21, 'П`ятниця', '16:00', 'IRON POWER', 'Анастасія Щербініна', 2),
       (22, 'П`ятниця', '17:00', 'RECOVERY', 'Анастасія Щербініна', 2),
       (23, 'П`ятниця', '18:00', 'DANCE MIX', 'Катерина Глушко', 6),
       (24, 'П`ятниця', '19:00', 'GAMES', 'Катерина Глушко', 6),

       (25, 'Субота', '09:00', 'ANIMAL FLOW', 'Дмитро Прудченко', 5),
       (26, 'Субота', '10:00', 'ROCK GAMES', 'Дмитро Прудченко', 5),
       (27, 'Субота', '18:00', 'BOXING', 'Катерина Глушко', 4),

       (28, 'Неділя', '09:00', 'CARDIO BARRE', 'Максим Довбуш', 3),
       (29, 'Неділя', '10:00', 'STRETCHING', 'Анастасія Щербініна', 2),
       (30, 'Неділя', '16:00', 'HATHA YOGA', 'Роман Кушніренко', 1);

insert into classes_users (contact_number, email, schedule_id, user_id)
values (821514223,'groomy14@gmail.com',30, 2),
       (631709312,'bartoz@gmail.com',27, 8),
       (631709312,'bartoz@gmail.com',18, 8),
       (821457569,'kamil.boston@in.com', 8, 4),
       (520645014,'s.jasinski@outlook.com', 16, 1),
       (821457569,'kamil.boston@in.com', 25, 4);

insert into workouts
values (1, 'Схуднення',3, 8, 'МАСА',1),
       (2, 'Мої тренування', 5, 4, 'СИЛА',5),
       (3, 'Супер', 15, 4, 'СХУДНЕННЯ',4);

INSERT INTO plan_order VALUES
                           (1, false, null, true, 1, 4, 2),
                           (2, true, 150.00, true, 6, 2, 4),
                           (3, true, 150.00, false, 9, 3, 7);

insert into user_role values(1,2),(2,1),(3,1),(4,1),(5,1),(6,1),(7,1),(8,1);

INSERT INTO plan_trainer VALUES (1, 4),(6, 2);

INSERT INTO exercise_workout VALUES (3, 4),(3, 2),(3,18),(3,15),(3,21),(3,6);
